cbsa_name,doy,post,pre,pm25_diff,excess_mort_rate,pop,excess_mort
"Los Angeles-Long Beach-Anaheim, CA",214,14.455555555555556,12.052777777777777,2.4027777777777786,1.6338888888888896,2.662701,4.350557578333335
"Los Angeles-Long Beach-Anaheim, CA",215,13.71111111111111,12.186764705882354,1.5243464052287568,1.0365555555555546,2.662701,2.760037514333331
"Los Angeles-Long Beach-Anaheim, CA",216,15.055555555555555,11.078205128205129,3.9773504273504265,2.70459829059829,2.662701,7.201536572974359
"Los Angeles-Long Beach-Anaheim, CA",217,14.433333333333334,11.2,3.2333333333333343,2.1986666666666674,2.662701,5.854391932000002
"Los Angeles-Long Beach-Anaheim, CA",218,12.575,13.07638888888889,-0.50138888888889,-0.3409444444444452,2.662701,-0.9078331131666688
"Los Angeles-Long Beach-Anaheim, CA",219,11.7375,12.267105263157895,-0.5296052631578938,-0.3601315789473678,2.662701,-0.9589227153947353
"Los Angeles-Long Beach-Anaheim, CA",220,11.9125,12.907894736842104,-0.9953947368421048,-0.6768684210526313,2.662701,-1.8022982216052628
"Los Angeles-Long Beach-Anaheim, CA",221,13.725000000000001,13.89264705882353,-0.16764705882352793,-0.113999999999999,2.662701,-0.30354791399999737
"Los Angeles-Long Beach-Anaheim, CA",222,11.375,11.22948717948718,0.14551282051282044,0.0989487179487179,2.662701,0.2634708502307691
"Los Angeles-Long Beach-Anaheim, CA",223,11.15,11.488461538461538,-0.33846153846153726,-0.23015384615384535,2.662701,-0.6128308763076902
"Los Angeles-Long Beach-Anaheim, CA",224,10.0375,11.039473684210526,-1.001973684210526,-0.6813421052631577,2.662701,-1.8142103050263156
"Los Angeles-Long Beach-Anaheim, CA",225,10.5625,11.92051282051282,-1.3580128205128208,-0.9234487179487182,2.662701,-2.45886782473077
"Los Angeles-Long Beach-Anaheim, CA",226,10.6125,11.153947368421052,-0.5414473684210517,-0.36818421052631517,2.662701,-0.98036446555263
"Los Angeles-Long Beach-Anaheim, CA",227,17.455555555555556,11.023188405797102,6.432367149758454,4.374009661835749,2.662701,11.646679900579711
"Los Angeles-Long Beach-Anaheim, CA",228,18.033333333333335,12.169230769230769,5.864102564102566,3.9875897435897456,2.662701,10.61775919784616
"Los Angeles-Long Beach-Anaheim, CA",229,18.055555555555557,12.242682926829268,5.812872628726289,3.952753387533877,2.662701,10.525000397739843
"Los Angeles-Long Beach-Anaheim, CA",230,18.977777777777778,13.195774647887324,5.7820031298904535,3.931762128325509,2.662701,10.469106950854462
"Los Angeles-Long Beach-Anaheim, CA",231,20.48888888888889,12.968421052631578,7.520467836257312,5.113918128654973,2.662701,13.616834915087725
"Los Angeles-Long Beach-Anaheim, CA",232,19.122222222222224,12.355555555555556,6.7666666666666675,4.601333333333335,2.662701,12.251974868000005
"Los Angeles-Long Beach-Anaheim, CA",233,23.72222222222222,14.201515151515151,9.52070707070707,6.474080808080808,2.662701,17.23854144175758
"Los Angeles-Long Beach-Anaheim, CA",234,28.18888888888889,13.774666666666667,14.414222222222223,9.801671111111112,2.662701,26.098919469226672
"Los Angeles-Long Beach-Anaheim, CA",235,23.177777777777777,13.481012658227849,9.696765119549928,6.593800281293952,2.662701,17.557318602801686
"Los Angeles-Long Beach-Anaheim, CA",236,16.3,17.619402985074625,-1.3194029850746247,-0.8971940298507449,2.662701,-2.3889594404776084
"Los Angeles-Long Beach-Anaheim, CA",237,14.666666666666666,15.371830985915492,-0.7051643192488264,-0.479511737089202,2.662701,-1.2767963818591552
"Los Angeles-Long Beach-Anaheim, CA",238,11.433333333333334,15.67313432835821,-4.239800995024876,-2.8830646766169155,2.662701,-7.676739197492538
"Los Angeles-Long Beach-Anaheim, CA",239,10.411111111111111,14.02741935483871,-3.616308243727598,-2.459089605734767,2.662701,-6.54782035227957
"Los Angeles-Long Beach-Anaheim, CA",240,16.988888888888887,12.912,4.076888888888886,2.772284444444443,2.662701,7.381764562506663
"Los Angeles-Long Beach-Anaheim, CA",241,12.8,13.51125,-0.7112499999999997,-0.48364999999999986,2.662701,-1.2878153386499998
"Los Angeles-Long Beach-Anaheim, CA",242,10.777777777777779,12.805633802816901,-2.0278560250391227,-1.3789420970266035,2.662701,-3.6717105006948345
"Los Angeles-Long Beach-Anaheim, CA",243,10.733333333333334,13.411688311688312,-2.678354978354978,-1.8212813852813852,2.662701,-4.84952776587013
"Los Angeles-Long Beach-Anaheim, CA",244,11.722222222222221,14.006666666666666,-2.2844444444444445,-1.5534222222222225,2.662701,-4.1362989045333345
"Los Angeles-Long Beach-Anaheim, CA",245,11.355555555555556,13.308571428571428,-1.9530158730158718,-1.3280507936507928,2.662701,-3.53620217630476
"Los Angeles-Long Beach-Anaheim, CA",246,12.311111111111112,11.24125,1.069861111111111,0.7275055555555555,2.662701,1.9371297702833334
"Los Angeles-Long Beach-Anaheim, CA",247,17.444444444444443,10.734939759036145,6.709504685408298,4.562463186077643,2.662701,12.148475288032127
"Los Angeles-Long Beach-Anaheim, CA",248,22.344444444444445,11,11.344444444444445,7.714222222222223,2.662701,20.540667225333337
"Los Angeles-Long Beach-Anaheim, CA",249,19.655555555555555,11.487341772151899,8.168213783403656,5.554385372714487,2.662701,14.789667486312238
"Los Angeles-Long Beach-Anaheim, CA",250,17.67142857142857,13.257333333333333,4.414095238095237,3.0015847619047618,2.662701,7.992322747108572
"Los Angeles-Long Beach-Anaheim, CA",251,26.78571428571429,14.616417910447762,12.169296375266526,8.275121535181238,2.662701,22.03417438684862
"Los Angeles-Long Beach-Anaheim, CA",252,20.271428571428572,12.50506329113924,7.766365280289332,5.281128390596746,2.662701,14.062065846770347
"Los Angeles-Long Beach-Anaheim, CA",253,15.355555555555556,12.225925925925926,3.1296296296296298,2.1281481481481483,2.662701,5.666622202222223
"Los Angeles-Long Beach-Anaheim, CA",254,26.27777777777778,12.347142857142858,13.93063492063492,9.472831746031746,2.662701,25.223318562990478
"Los Angeles-Long Beach-Anaheim, CA",255,46.56666666666666,11.676923076923076,34.88974358974359,23.725025641025642,2.662701,63.172649499384626
"Los Angeles-Long Beach-Anaheim, CA",256,53.51111111111111,10.2,43.31111111111112,29.45155555555556,2.662701,78.42068642933336
"Los Angeles-Long Beach-Anaheim, CA",257,48.166666666666664,9.07391304347826,39.0927536231884,26.583072463768115,2.662701,70.78277363234783
"Los Angeles-Long Beach-Anaheim, CA",258,54.87777777777778,8.95974025974026,45.91803751803752,31.224265512265518,2.662701,83.14088300377492
"Los Angeles-Long Beach-Anaheim, CA",259,54.5,9.803658536585365,44.69634146341463,30.393512195121954,2.662701,80.92883531546343
"Portland-Vancouver-Hillsboro, OR-WA",214,3.19,12.50204081632653,-9.312040816326531,-6.332187755102042,0.517784,-3.2787055045877556
"Portland-Vancouver-Hillsboro, OR-WA",215,3.1818181818181817,13.293478260869565,-10.111660079051383,-6.875928853754941,0.517784,-3.5602459456126483
"Portland-Vancouver-Hillsboro, OR-WA",216,3.9727272727272727,10.873469387755103,-6.90074211502783,-4.692504638218924,0.517784,-2.4297038215955475
"Portland-Vancouver-Hillsboro, OR-WA",217,5.990909090909091,6.45,-0.459090909090909,-0.3121818181818181,0.517784,-0.16164275054545452
"Portland-Vancouver-Hillsboro, OR-WA",218,5.254545454545455,7.559574468085106,-2.3050290135396514,-1.5674197292069632,0.517784,-0.8115848570676982
"Portland-Vancouver-Hillsboro, OR-WA",219,3.3454545454545457,9.251020408163265,-5.90556586270872,-4.015784786641929,0.517784,-2.079309109966605
"Portland-Vancouver-Hillsboro, OR-WA",220,4.554545454545455,11.236,-6.681454545454546,-4.543389090909091,0.517784,-2.352494177047273
"Portland-Vancouver-Hillsboro, OR-WA",221,3.790909090909091,11.074468085106384,-7.283558994197293,-4.952820116054159,0.517784,-2.5644910109709866
"Portland-Vancouver-Hillsboro, OR-WA",222,3.418181818181818,9.058823529411764,-5.6406417112299465,-3.8356363636363637,0.517784,-1.986031138909091
"Portland-Vancouver-Hillsboro, OR-WA",223,3.2363636363636363,7.4399999999999995,-4.203636363636363,-2.8584727272727273,0.517784,-1.4800714426181818
"Portland-Vancouver-Hillsboro, OR-WA",224,5.054545454545455,5.541666666666667,-0.4871212121212123,-0.3312424242424244,0.517784,-0.17151202739393948
"Portland-Vancouver-Hillsboro, OR-WA",225,5.472727272727273,7.815384615384615,-2.3426573426573425,-1.593006993006993,0.517784,-0.8248335328671329
"Portland-Vancouver-Hillsboro, OR-WA",226,6.4363636363636365,13.886274509803922,-7.4499108734402855,-5.065939393939394,0.517784,-2.6230623631515155
"Portland-Vancouver-Hillsboro, OR-WA",227,7.3545454545454545,15.029787234042553,-7.675241779497099,-5.219164410058028,0.517784,-2.702399824897486
"Portland-Vancouver-Hillsboro, OR-WA",228,6.881818181818182,6.766666666666667,0.11515151515151523,0.07830303030303036,0.517784,0.04054405624242428
"Portland-Vancouver-Hillsboro, OR-WA",229,9.809090909090909,4.413725490196079,5.39536541889483,3.6688484848484846,0.517784,1.8996710438787878
"Portland-Vancouver-Hillsboro, OR-WA",230,7.363636363636363,8.497916666666667,-1.1342803030303035,-0.7713106060606064,0.517784,-0.399372290848485
"Portland-Vancouver-Hillsboro, OR-WA",231,4.2272727272727275,9.403921568627451,-5.176648841354724,-3.5201212121212127,0.517784,-1.8226624416969701
"Portland-Vancouver-Hillsboro, OR-WA",232,3.6636363636363636,12.742,-9.078363636363637,-6.173287272727274,0.517784,-3.196429377221819
"Portland-Vancouver-Hillsboro, OR-WA",233,2.109090909090909,16.56382978723404,-14.454738878143132,-9.82922243713733,0.517784,-5.089414110390716
"Portland-Vancouver-Hillsboro, OR-WA",234,2.081818181818182,26.906,-24.824181818181817,-16.880443636363637,0.517784,-8.74042362781091
"Portland-Vancouver-Hillsboro, OR-WA",235,3.3727272727272726,16.037254901960786,-12.664527629233513,-8.611878787878789,0.517784,-4.459093046303031
"Portland-Vancouver-Hillsboro, OR-WA",236,4.390909090909091,4.76875,-0.37784090909090917,-0.25693181818181826,0.517784,-0.1330351845454546
"Portland-Vancouver-Hillsboro, OR-WA",237,4.190909090909091,6.940384615384615,-2.749475524475524,-1.8696433566433563,0.517784,-0.9680714157762237
"Portland-Vancouver-Hillsboro, OR-WA",238,3.981818181818182,6.068627450980392,-2.08680926916221,-1.4190303030303029,0.517784,-0.7347511864242424
"Portland-Vancouver-Hillsboro, OR-WA",239,4.175,6.551063829787235,-2.3760638297872347,-1.6157234042553197,0.517784,-0.8365957271489365
"Portland-Vancouver-Hillsboro, OR-WA",240,3.4916666666666667,9.038,-5.546333333333333,-3.771506666666667,0.517784,-1.9528258078933334
"Portland-Vancouver-Hillsboro, OR-WA",241,3.1916666666666664,12.062,-8.870333333333333,-6.0318266666666664,0.517784,-3.1231833387733334
"Portland-Vancouver-Hillsboro, OR-WA",242,3.1083333333333334,3.772340425531915,-0.66400709219858145,-0.4515248226950354,0.517784,-0.23379232879432624
"Portland-Vancouver-Hillsboro, OR-WA",243,4.316666666666666,3.6408163265306124,0.675850340136054,0.4595782312925168,0.517784,0.23796225491156453
"Portland-Vancouver-Hillsboro, OR-WA",244,2.9583333333333335,3.8816326530612244,-0.9232993197278909,-0.6278435374149659,0.517784,-0.32508733817687074
"Portland-Vancouver-Hillsboro, OR-WA",245,3.25,4.5978260869565215,-1.3478260869565215,-0.9165217391304347,0.517784,-0.474560292173913
"Portland-Vancouver-Hillsboro, OR-WA",246,2.7666666666666666,5.7379999999999995,-2.971333333333333,-2.0205066666666665,0.517784,-1.0461860238933334
"Portland-Vancouver-Hillsboro, OR-WA",247,3.1363636363636362,8.718,-5.581636363636363,-3.7955127272727274,0.517784,-1.9652557619781819
"Portland-Vancouver-Hillsboro, OR-WA",248,6.73,18.082978723404256,-11.352978723404256,-7.720025531914895,0.517784,-3.997305700017022
"Portland-Vancouver-Hillsboro, OR-WA",249,9.7,14.485106382978723,-4.785106382978723,-3.253872340425532,0.517784,-1.6848030359148938
"Portland-Vancouver-Hillsboro, OR-WA",250,7.441666666666666,8.793877551020408,-1.3522108843537417,-0.9195034013605444,0.517784,-0.47610414917006816
"Portland-Vancouver-Hillsboro, OR-WA",251,25.345454545454544,3.9465116279069767,21.39894291754757,14.551281183932348,0.517784,7.534420576541227
"Portland-Vancouver-Hillsboro, OR-WA",252,4.65,3.3918367346938774,1.258163265306123,0.8555510204081637,0.517784,0.44299062955102064
"Portland-Vancouver-Hillsboro, OR-WA",253,20.08,3.82,16.259999999999998,11.056799999999999,0.517784,5.7250341312
"Portland-Vancouver-Hillsboro, OR-WA",254,101.95,4.508510638297873,97.44148936170212,66.26021276595745,0.517784,34.308478006808514
"Portland-Vancouver-Hillsboro, OR-WA",255,190.17,4.736,185.434,126.09512000000001,0.517784,65.29003561408001
"Portland-Vancouver-Hillsboro, OR-WA",256,259.5090909090909,3.66,255.8490909090909,173.97738181818184,0.517784,90.08270466734547
"Portland-Vancouver-Hillsboro, OR-WA",257,339.02,4.576086956521739,334.44391304347823,227.42186086956522,0.517784,117.75540080848697
"Portland-Vancouver-Hillsboro, OR-WA",258,328.8909090909091,5.312244897959184,323.5786641929499,220.03349165120594,0.517784,113.92982144112801
"Portland-Vancouver-Hillsboro, OR-WA",259,203.75,12.561224489795919,191.1887755102041,130.0083673469388,0.517784,67.31625247836736
"Sacramento--Roseville--Arden-Arcade, CA",214,5.625,11.363265306122448,-5.7382653061224485,-3.9020204081632652,0.426781,-1.6653081718163265
"Sacramento--Roseville--Arden-Arcade, CA",215,4.8,12.4,-7.6000000000000005,-5.168000000000001,0.426781,-2.2056042080000005
"Sacramento--Roseville--Arden-Arcade, CA",216,6.05,9.532727272727273,-3.4827272727272733,-2.368254545454546,0.426781,-1.0107260431636367
"Sacramento--Roseville--Arden-Arcade, CA",217,5.825,9.41186440677966,-3.58686440677966,-2.439067796610169,0.426781,-1.0409477933050846
"Sacramento--Roseville--Arden-Arcade, CA",218,6.9,16.231372549019607,-9.331372549019607,-6.345333333333333,0.426781,-2.7080677053333333
"Sacramento--Roseville--Arden-Arcade, CA",219,7.025,11.717307692307692,-4.692307692307692,-3.1907692307692304,0.426781,-1.361759683076923
"Sacramento--Roseville--Arden-Arcade, CA",220,7.45,14.31132075471698,-6.8613207547169806,-4.665698113207547,0.426781,-1.9912313064528304
"Sacramento--Roseville--Arden-Arcade, CA",221,8.075,16.270212765957446,-8.195212765957447,-5.572744680851064,0.426781,-2.378341547638298
"Sacramento--Roseville--Arden-Arcade, CA",222,8.45,9.919642857142858,-1.4696428571428584,-0.9993571428571437,0.426781,-0.42650664078571465
"Sacramento--Roseville--Arden-Arcade, CA",223,7.25,8.498305084745763,-1.2483050847457626,-0.8488474576271187,0.426781,-0.36227196681355933
"Sacramento--Roseville--Arden-Arcade, CA",224,6.775,9.278,-2.503,-1.7020400000000002,0.426781,-0.7263983332400001
"Sacramento--Roseville--Arden-Arcade, CA",225,4.875,9.503636363636364,-4.628636363636364,-3.147472727272728,0.426781,-1.343281558018182
"Sacramento--Roseville--Arden-Arcade, CA",226,5.075,7.365306122448979,-2.290306122448979,-1.5574081632653058,0.426781,-0.6646722133265305
"Sacramento--Roseville--Arden-Arcade, CA",227,6.425,11,-4.575,-3.111,0.426781,-1.327715691
"Sacramento--Roseville--Arden-Arcade, CA",228,5.9,10.739622641509435,-4.839622641509434,-3.2909433962264156,0.426781,-1.404512113584906
"Sacramento--Roseville--Arden-Arcade, CA",229,4.575,11.111666666666666,-6.536666666666666,-4.444933333333333,0.426781,-1.8970130929333333
"Sacramento--Roseville--Arden-Arcade, CA",230,14.725,12.780392156862746,1.9446078431372538,1.3223333333333327,0.426781,0.564346742333333
"Sacramento--Roseville--Arden-Arcade, CA",231,21.475,11.354716981132075,10.120283018867926,6.88179245283019,0.426781,2.9370182648113214
"Sacramento--Roseville--Arden-Arcade, CA",232,35.925,13.492307692307692,22.432692307692307,15.25423076923077,0.426781,6.510215861923077
"Sacramento--Roseville--Arden-Arcade, CA",233,90.7,11.512244897959183,79.18775510204082,53.847673469387765,0.426781,22.98116393093878
"Sacramento--Roseville--Arden-Arcade, CA",234,50.95,11.4,39.550000000000004,26.894000000000005,0.426781,11.477848214000003
"Sacramento--Roseville--Arden-Arcade, CA",235,70.775,11.801754385964912,58.97324561403509,40.10180701754387,0.426781,17.114689300754392
"Sacramento--Roseville--Arden-Arcade, CA",236,61.5,13.867307692307692,47.63269230769231,32.390230769230776,0.426781,13.823535077923081
"Sacramento--Roseville--Arden-Arcade, CA",237,79.9,11.342857142857143,68.55714285714286,46.61885714285715,0.426781,19.896042470285717
"Sacramento--Roseville--Arden-Arcade, CA",238,38,8.596078431372549,29.403921568627453,19.99466666666667,0.426781,8.533343834666669
"Sacramento--Roseville--Arden-Arcade, CA",239,33.75,8.257446808510638,25.492553191489364,17.334936170212767,0.426781,7.3982213936595755
"Sacramento--Roseville--Arden-Arcade, CA",240,21.525,6.509615384615385,15.015384615384614,10.210461538461537,0.426781,4.3576309858461535
"Sacramento--Roseville--Arden-Arcade, CA",241,35.075,7.693333333333333,27.381666666666668,18.619533333333337,0.426781,7.946463055533335
"Sacramento--Roseville--Arden-Arcade, CA",242,36.325,7.9450980392156865,28.379901960784316,19.298333333333336,0.426781,8.236161998333335
"Sacramento--Roseville--Arden-Arcade, CA",243,51.25,8.382352941176471,42.86764705882353,29.150000000000002,0.426781,12.440666150000002
"Sacramento--Roseville--Arden-Arcade, CA",244,55.975,13.862264150943396,42.112735849056605,28.636660377358492,0.426781,12.221582552509435
"Sacramento--Roseville--Arden-Arcade, CA",245,32.85,12.708333333333334,20.141666666666666,13.696333333333333,0.426781,5.8453348363333335
"Sacramento--Roseville--Arden-Arcade, CA",246,17.15,11.855357142857143,5.294642857142856,3.6003571428571424,0.426781,1.5365640217857142
"Sacramento--Roseville--Arden-Arcade, CA",247,16.475,16.496491228070177,-0.02149122807017534,-0.014614035087719232,0.426781,-0.006236992508771902
"Sacramento--Roseville--Arden-Arcade, CA",248,20.775,10.328,10.447,7.10396,0.426781,3.0318351527600003
"Sacramento--Roseville--Arden-Arcade, CA",249,35.175,8.015094339622642,27.159905660377355,18.468735849056603,0.426781,7.882105554396227
"Sacramento--Roseville--Arden-Arcade, CA",250,47.65,9.744,37.906,25.77608,0.426781,11.00074119848
"Sacramento--Roseville--Arden-Arcade, CA",251,35.675,9.504444444444445,26.170555555555552,17.795977777777775,0.426781,7.594985191977777
"Sacramento--Roseville--Arden-Arcade, CA",252,58.725,8.767307692307693,49.95769230769231,33.97123076923077,0.426781,14.498275838923078
"Sacramento--Roseville--Arden-Arcade, CA",253,38.550000000000004,9.419298245614035,29.130701754385967,19.808877192982457,0.426781,8.454052417298247
"Sacramento--Roseville--Arden-Arcade, CA",254,47,8.907692307692308,38.09230769230769,25.902769230769234,0.426781,11.054809755076924
"Sacramento--Roseville--Arden-Arcade, CA",255,136.225,10.185454545454546,126.03954545454545,85.70689090909092,0.426781,36.578072609072734
"Sacramento--Roseville--Arden-Arcade, CA",256,120.625,11.871153846153845,108.75384615384615,73.95261538461538,0.426781,31.56157114646154
"Sacramento--Roseville--Arden-Arcade, CA",257,125.85,7.910638297872341,117.93936170212766,80.19876595744681,0.426781,34.22730953408511
"Sacramento--Roseville--Arden-Arcade, CA",258,87.45,6.194545454545454,81.25545454545455,55.2537090909091,0.426781,23.581233219527277
"Sacramento--Roseville--Arden-Arcade, CA",259,39.7,7.870175438596491,31.829824561403512,21.64428070175439,0.426781,9.23736776217544
"San Francisco-Oakland-Hayward, CA",214,3.6363636363636362,5.726530612244898,-2.0901669758812615,-1.4213135435992579,1.48315,-2.108021182189239
"San Francisco-Oakland-Hayward, CA",215,4.590909090909091,7.670833333333333,-3.0799242424242426,-2.094348484848485,1.48315,-3.1062329553030303
"San Francisco-Oakland-Hayward, CA",216,6.154545454545454,7.719230769230769,-1.564685314685315,-1.0639860139860142,1.48315,-1.5780508566433569
"San Francisco-Oakland-Hayward, CA",217,5.9,6.148,-0.24799999999999933,-0.16863999999999957,1.48315,-0.25011841599999934
"San Francisco-Oakland-Hayward, CA",218,6.363636363636363,8.475510204081633,-2.11187384044527,-1.4360742115027836,1.48315,-2.129913466790353
"San Francisco-Oakland-Hayward, CA",219,6.109090909090909,9.61,-3.50090909090909,-2.3806181818181815,1.48315,-3.5308138563636358
"San Francisco-Oakland-Hayward, CA",220,10.009090909090908,8.296,1.7130909090909086,1.1649018181818178,1.48315,1.727724131636363
"San Francisco-Oakland-Hayward, CA",221,9.218181818181819,7.066,2.152181818181819,1.463483636363637,1.48315,2.170565755272728
"San Francisco-Oakland-Hayward, CA",222,7.0181818181818185,5.950980392156863,1.0672014260249556,0.7256969696969698,1.48315,1.0763174606060608
"San Francisco-Oakland-Hayward, CA",223,6.7,6.43,0.27000000000000046,0.18360000000000032,1.48315,0.2723063400000005
"San Francisco-Oakland-Hayward, CA",224,5.49,8.528,-3.0380000000000003,-2.06584,1.48315,-3.063950596
"San Francisco-Oakland-Hayward, CA",225,4.972727272727273,6.598076923076923,-1.6253496503496505,-1.1052377622377625,1.48315,-1.6392333870629374
"San Francisco-Oakland-Hayward, CA",226,10.345454545454546,7.373076923076923,2.972377622377623,2.0212167832167838,1.48315,2.997767672027973
"San Francisco-Oakland-Hayward, CA",227,9.12,12.705882352941178,-3.5858823529411783,-2.4384000000000015,1.48315,-3.616512960000002
"San Francisco-Oakland-Hayward, CA",228,10.51,15.77450980392157,-5.26450980392157,-3.5798666666666676,1.48315,-5.309479246666668
"San Francisco-Oakland-Hayward, CA",229,12.32,12.705882352941176,-0.38588235294117545,-0.2623999999999993,1.48315,-0.38917855999999895
"San Francisco-Oakland-Hayward, CA",230,7.7727272727272725,11.2,-3.427272727272727,-2.3305454545454545,1.48315,-3.456548490909091
"San Francisco-Oakland-Hayward, CA",231,14.327272727272728,11.059615384615384,3.267657342657344,2.2220069930069943,1.48315,3.2955696716783236
"San Francisco-Oakland-Hayward, CA",232,36.972727272727276,12.205769230769231,24.766958041958045,16.84153146853147,1.48315,24.97851739755245
"San Francisco-Oakland-Hayward, CA",233,31.745454545454546,9.046,22.699454545454547,15.435629090909092,1.48315,22.89335328618182
"San Francisco-Oakland-Hayward, CA",234,35.26,11.767924528301887,23.49207547169811,15.974611320754716,1.48315,23.692744780377357
"San Francisco-Oakland-Hayward, CA",235,35.20909090909091,16.50377358490566,18.705317324185252,12.719615780445972,1.48315,18.865098144768442
"San Francisco-Oakland-Hayward, CA",236,48.72727272727273,11.62156862745098,37.10570409982175,25.23187878787879,1.48315,37.42266102424243
"San Francisco-Oakland-Hayward, CA",237,34.14545454545455,11.290740740740741,22.854713804713807,15.54120538720539,1.48315,23.049938770033673
"San Francisco-Oakland-Hayward, CA",238,29.636363636363637,10.168627450980392,19.467736185383245,13.238060606060607,1.48315,19.63402958787879
"San Francisco-Oakland-Hayward, CA",239,10.918181818181818,9.295833333333334,1.6223484848484837,1.103196969696969,1.48315,1.6362065856060595
"San Francisco-Oakland-Hayward, CA",240,10.59,7.815384615384615,2.7746153846153847,1.8867384615384617,1.48315,2.7983161492307693
"San Francisco-Oakland-Hayward, CA",241,27.2,8.092156862745098,19.107843137254903,12.993333333333336,1.48315,19.271062333333337
"San Francisco-Oakland-Hayward, CA",242,19.20909090909091,7.218,11.99109090909091,8.15394181818182,1.48315,12.093518807636366
"San Francisco-Oakland-Hayward, CA",243,15.572727272727272,9.771153846153846,5.801573426573427,3.9450699300699306,1.48315,5.851130466783218
"San Francisco-Oakland-Hayward, CA",244,21.71818181818182,14.574,7.144181818181819,4.858043636363637,1.48315,7.205207419272727
"San Francisco-Oakland-Hayward, CA",245,17.945454545454545,13.333333333333334,4.612121212121211,3.136242424242424,1.48315,4.651517951515151
"San Francisco-Oakland-Hayward, CA",246,15.309090909090909,16.10377358490566,-0.7946826758147516,-0.5403842195540312,1.48315,-0.8014708552315613
"San Francisco-Oakland-Hayward, CA",247,20.90909090909091,17.536538461538463,3.3725524475524473,2.293335664335664,1.48315,3.40136079055944
"San Francisco-Oakland-Hayward, CA",248,17.263636363636365,9.334615384615384,7.929020979020981,5.391734265734268,1.48315,7.99675067622378
"San Francisco-Oakland-Hayward, CA",249,21.48,9.05,12.43,8.4524,1.48315,12.536177060000002
"San Francisco-Oakland-Hayward, CA",250,34.00909090909091,10.25576923076923,23.753321678321676,16.15225874125874,1.48315,23.956222552097902
"San Francisco-Oakland-Hayward, CA",251,26.2,9.576923076923077,16.623076923076923,11.303692307692309,1.48315,16.76507124615385
"San Francisco-Oakland-Hayward, CA",252,20.527272727272727,8.648,11.879272727272728,8.077905454545455,1.48315,11.98074547490909
"San Francisco-Oakland-Hayward, CA",253,28.89090909090909,9.33404255319149,19.556866537717603,13.298669245647972,1.48315,19.72392129168279
"San Francisco-Oakland-Hayward, CA",254,95.0909090909091,9.639130434782608,85.45177865612649,58.10720948616602,1.48315,86.18170774940714
"San Francisco-Oakland-Hayward, CA",255,141.62727272727273,8.27659574468085,133.35067698259186,90.67846034816247,1.48315,134.48975846537718
"San Francisco-Oakland-Hayward, CA",256,104.87272727272727,7.463636363636364,97.4090909090909,66.23818181818181,1.48315,98.24115936363636
"San Francisco-Oakland-Hayward, CA",257,97.73636363636363,7.165217391304348,90.57114624505928,61.58837944664032,1.48315,91.34480497628458
"San Francisco-Oakland-Hayward, CA",258,103.75454545454545,6.420833333333333,97.33371212121212,66.18692424242424,1.48315,98.16513669015151
"San Francisco-Oakland-Hayward, CA",259,24.581818181818182,7.4222222222222225,17.15959595959596,11.668525252525255,1.48315,17.30617322828283
"Seattle-Tacoma-Bellevue, WA",214,3.43,13.497727272727273,-10.067727272727273,-6.846054545454546,0.729711,-4.9956413084181825
"Seattle-Tacoma-Bellevue, WA",215,4.25,15.714942528735632,-11.464942528735632,-7.79616091954023,0.729711,-5.688944380758621
"Seattle-Tacoma-Bellevue, WA",216,3.9050000000000002,14.077528089887641,-10.172528089887642,-6.9173191011235975,0.729711,-5.047643838600002
"Seattle-Tacoma-Bellevue, WA",217,5.66,8.146153846153846,-2.4861538461538455,-1.6905846153846151,0.729711,-1.233638190276923
"Seattle-Tacoma-Bellevue, WA",218,5.861904761904762,8.981395348837209,-3.1194905869324465,-2.121253599114064,0.729711,-1.5479020850631227
"Seattle-Tacoma-Bellevue, WA",219,3.3047619047619046,10.596629213483146,-7.291867308721241,-4.958469769930445,0.729711,-3.6182499342857146
"Seattle-Tacoma-Bellevue, WA",220,4.938095238095238,12.28876404494382,-7.3506688068485815,-4.998454788657035,0.729711,-3.647427442285714
"Seattle-Tacoma-Bellevue, WA",221,4.542857142857143,12.225925925925926,-7.683068783068784,-5.224486772486773,0.729711,-3.8123654672380956
"Seattle-Tacoma-Bellevue, WA",222,4.928571428571429,10.931034482758621,-6.002463054187192,-4.081674876847291,0.729711,-2.9784430560591137
"Seattle-Tacoma-Bellevue, WA",223,4.6571428571428575,7.534117647058824,-2.876974789915966,-1.9563428571428572,0.729711,-1.4275649026285715
"Seattle-Tacoma-Bellevue, WA",224,6.257142857142857,6.132941176470588,0.124201680672269,0.08445714285714293,0.729711,0.06162930617142862
"Seattle-Tacoma-Bellevue, WA",225,6.585714285714285,9.772093023255813,-3.186378737541528,-2.166737541528239,0.729711,-1.581092218166113
"Seattle-Tacoma-Bellevue, WA",226,7.519047619047619,16.919047619047618,-9.399999999999999,-6.3919999999999995,0.729711,-4.664312711999999
"Seattle-Tacoma-Bellevue, WA",227,8.895238095238096,15.506329113924052,-6.611091018685956,-4.49554189270645,0.729711,-3.2804463700687165
"Seattle-Tacoma-Bellevue, WA",228,8.855,8.191463414634146,0.6635365853658541,0.45120487804878084,0.729711,0.3292491627658539
"Seattle-Tacoma-Bellevue, WA",229,10.77,6.73452380952381,4.0354761904761896,2.744123809523809,0.729711,2.0024173291714282
"Seattle-Tacoma-Bellevue, WA",230,5.34,8.367469879518072,-3.0274698795180726,-2.0586795180722897,0.729711,-1.5022410898120486
"Seattle-Tacoma-Bellevue, WA",231,4.076190476190476,11.5,-7.423809523809524,-5.048190476190476,0.729711,-3.6837201205714285
"Seattle-Tacoma-Bellevue, WA",232,4.3428571428571425,20.438823529411764,-16.095966386554622,-10.945257142857143,0.729711,-7.986874534971428
"Seattle-Tacoma-Bellevue, WA",233,2.7714285714285714,25.64047619047619,-22.869047619047617,-15.550952380952381,0.729711,-11.347701012857144
"Seattle-Tacoma-Bellevue, WA",234,2.6857142857142855,24.52183908045977,-21.836124794745484,-14.84856486042693,0.729711,-10.835161112866995
"Seattle-Tacoma-Bellevue, WA",235,4.247619047619048,14.944318181818183,-10.696699134199136,-7.273755411255413,0.729711,-5.307739334902599
"Seattle-Tacoma-Bellevue, WA",236,5.280952380952381,12.63452380952381,-7.353571428571429,-5.0004285714285714,0.729711,-3.6488677332857145
"Seattle-Tacoma-Bellevue, WA",237,5.20952380952381,11.203448275862069,-5.993924466338259,-4.075868637110017,0.729711,-2.9742061790541876
"Seattle-Tacoma-Bellevue, WA",238,5.328571428571428,8.411494252873563,-3.082922824302135,-2.096387520525452,0.729711,-1.529757033990148
"Seattle-Tacoma-Bellevue, WA",239,5.095238095238095,8.42142857142857,-3.326190476190476,-2.2618095238095237,0.729711,-1.6504672894285715
"Seattle-Tacoma-Bellevue, WA",240,4.519047619047619,7.823255813953488,-3.3042081949058693,-2.246861572535991,0.729711,-1.6395596049568106
"Seattle-Tacoma-Bellevue, WA",241,3.895238095238095,9.450588235294118,-5.555350140056023,-3.7776380952380957,0.729711,-2.7565840721142862
"Seattle-Tacoma-Bellevue, WA",242,5.0476190476190474,4.571084337349397,0.4765347102696502,0.32404360298336216,0.729711,0.23645818157659218
"Seattle-Tacoma-Bellevue, WA",243,5.70952380952381,4.493103448275862,1.2164203612479474,0.8271658456486043,0.729711,0.6035920163940887
"Seattle-Tacoma-Bellevue, WA",244,3.804761904761905,3.963953488372093,-0.15919158361018804,-0.10825027685492787,0.729711,-0.07899141777408628
"Seattle-Tacoma-Bellevue, WA",245,4.557142857142857,4.734523809523809,-0.1773809523809522,-0.1206190476190475,0.729711,-0.08801704585714278
"Seattle-Tacoma-Bellevue, WA",246,3.9571428571428573,4.2823529411764705,-0.3252100840336132,-0.22114285714285697,0.729711,-0.1613703754285713
"Seattle-Tacoma-Bellevue, WA",247,3.8714285714285714,5.629411764705882,-1.7579831932773105,-1.1954285714285713,0.729711,-0.8723173782857142
"Seattle-Tacoma-Bellevue, WA",248,5.666666666666667,13.24235294117647,-7.5756862745098035,-5.151466666666667,0.729711,-3.7590818928000003
"Seattle-Tacoma-Bellevue, WA",249,10.40952380952381,12.830588235294117,-2.4210644257703073,-1.646323809523809,0.729711,-1.2013405933714283
"Seattle-Tacoma-Bellevue, WA",250,8.485714285714286,8.516867469879518,-0.03115318416523216,-0.02118416523235787,0.729711,-0.015458318395869093
"Seattle-Tacoma-Bellevue, WA",251,19.261904761904763,4.896296296296296,14.365608465608467,9.768613756613759,0.729711,7.128264912952383
"Seattle-Tacoma-Bellevue, WA",252,34.49047619047619,3.2848837209302326,31.205592469545955,21.21980287929125,0.729711,15.484323578850498
"Seattle-Tacoma-Bellevue, WA",253,30.33809523809524,4.2704545454545455,26.067640692640694,17.725995670995673,0.729711,12.934854027077924
"Seattle-Tacoma-Bellevue, WA",254,35.325,5.2056818181818185,30.119318181818183,20.481136363636367,0.729711,14.945310497045456
"Seattle-Tacoma-Bellevue, WA",255,123.5421052631579,4.6617977528089884,118.8803075103489,80.83860910703726,0.729711,58.98882229010526
"Seattle-Tacoma-Bellevue, WA",256,144.9777777777778,3.9790697674418607,140.99870801033592,95.87912144702842,0.729711,69.96404959023256
"Seattle-Tacoma-Bellevue, WA",257,145.18,4.0843373493975905,141.0956626506024,95.94505060240964,0.729711,70.01215882013494
"Seattle-Tacoma-Bellevue, WA",258,159.39374999999998,4.586046511627907,154.80770348837208,105.26923837209303,0.729711,76.81612120173837
"Seattle-Tacoma-Bellevue, WA",259,144.3904761904762,9.42235294117647,134.9681232492997,91.77832380952381,0.729711,66.97165244537143
